<?xml version='1.0' encoding='utf-8'?>
<!--
 FreeCAD Document, see https://www.freecad.org for more information...
-->
<Document SchemaVersion="4" ProgramVersion="1.0R39319 (Git)" FileVersion="1" StringHasher="1">
    <StringHasher saveall="0" threshold="0" count="0" new="1"/>
    <StringHasher2  file="StringHasher.Table.txt"/>
    <Properties Count="17" TransientCount="3">
        <_Property name="FileName" type="App::PropertyString" status="50331649"/>
        <_Property name="Tip" type="App::PropertyLink" status="33554433"/>
        <_Property name="TransientDir" type="App::PropertyString" status="50331649"/>
        <Property name="Comment" type="App::PropertyString">
            <String value=""/>
        </Property>
        <Property name="Company" type="App::PropertyString">
            <String value=""/>
        </Property>
        <Property name="CreatedBy" type="App::PropertyString">
            <String value=""/>
        </Property>
        <Property name="CreationDate" type="App::PropertyString" status="16777217">
            <String value="2025-11-03T07:52:54Z"/>
        </Property>
        <Property name="Id" type="App::PropertyString">
            <String value=""/>
        </Property>
        <Property name="Label" type="App::PropertyString" status="1">
            <String value="123"/>
        </Property>
        <Property name="LastModifiedBy" type="App::PropertyString">
            <String value=""/>
        </Property>
        <Property name="LastModifiedDate" type="App::PropertyString" status="16777217">
            <String value="2025-11-03T08:08:11Z"/>
        </Property>
        <Property name="License" type="App::PropertyString" status="1">
            <String value="All rights reserved"/>
        </Property>
        <Property name="LicenseURL" type="App::PropertyString" status="1">
            <String value="https://en.wikipedia.org/wiki/All_rights_reserved"/>
        </Property>
        <Property name="Material" type="App::PropertyMap">
            <Map count="0">
            </Map>
        </Property>
        <Property name="Meta" type="App::PropertyMap">
            <Map count="0">
            </Map>
        </Property>
        <Property name="ShowHidden" type="App::PropertyBool" status="1">
            <Bool value="false"/>
        </Property>
        <Property name="TipName" type="App::PropertyString" status="83886080">
            <String value=""/>
        </Property>
        <Property name="Uid" type="App::PropertyUUID" status="16777217">
            <Uuid value="63f49df5-160a-493c-8bb7-69c199e6915c"/>
        </Property>
        <Property name="UnitSystem" type="App::PropertyEnumeration" status="1">
            <Integer value="0" CustomEnum="true"/>
            <CustomEnumList count="10">
                <Enum value="标准 (毫米, 千克, 秒, 度)"/>
                <Enum value="公制(米, 千克, 秒, 度)"/>
                <Enum value="美制(吋/磅)"/>
                <Enum value="英制（英寸，磅）"/>
                <Enum value="欧规(㎝, ㎡, ㎥)"/>
                <Enum value="美制 (ft-in/sqft/cuft)"/>
                <Enum value="公制 (㎜, ㎧)"/>
                <Enum value="英制 (ft, ft/s)"/>
                <Enum value="有限元(mm, N, s)"/>
                <Enum value="米 (m, m², m³)"/>
            </CustomEnumList>
        </Property>
        <Property name="UseHasher" type="App::PropertyBool" status="67108865">
            <Bool value="true"/>
        </Property>
    </Properties>
    <Objects Count="13" Dependencies="1">
        <ObjectDeps Name="Body" Count="7">
            <Dep Name="Pad"/>
            <Dep Name="Origin"/>
            <Dep Name="Sketch"/>
            <Dep Name="Pad"/>
            <Dep Name="Sketch001"/>
            <Dep Name="Sketch002"/>
            <Dep Name="DatumLine"/>
        </ObjectDeps>
        <ObjectDeps Name="Origin" Count="6">
            <Dep Name="X_Axis"/>
            <Dep Name="Y_Axis"/>
            <Dep Name="Z_Axis"/>
            <Dep Name="XY_Plane"/>
            <Dep Name="XZ_Plane"/>
            <Dep Name="YZ_Plane"/>
        </ObjectDeps>
        <ObjectDeps Name="X_Axis" Count="0"/>
        <ObjectDeps Name="Y_Axis" Count="0"/>
        <ObjectDeps Name="Z_Axis" Count="0"/>
        <ObjectDeps Name="XY_Plane" Count="0"/>
        <ObjectDeps Name="XZ_Plane" Count="0"/>
        <ObjectDeps Name="YZ_Plane" Count="0"/>
        <ObjectDeps Name="Sketch" Count="1">
            <Dep Name="XY_Plane"/>
        </ObjectDeps>
        <ObjectDeps Name="Pad" Count="3">
            <Dep Name="Sketch"/>
            <Dep Name="Sketch"/>
            <Dep Name="Body"/>
        </ObjectDeps>
        <ObjectDeps Name="Sketch001" Count="2">
            <Dep Name="Pad"/>
            <Dep Name="Pad"/>
        </ObjectDeps>
        <ObjectDeps Name="Sketch002" Count="4">
            <Dep Name="Pad"/>
            <Dep Name="Pad"/>
            <Dep Name="Sketch001"/>
            <Dep Name="Pad"/>
        </ObjectDeps>
        <ObjectDeps Name="DatumLine" Count="1">
            <Dep Name="Sketch001"/>
        </ObjectDeps>
        <Object type="PartDesign::Body" name="Body" id="85" />
        <Object type="App::Origin" name="Origin" id="86" />
        <Object type="App::Line" name="X_Axis" id="87" />
        <Object type="App::Line" name="Y_Axis" id="88" />
        <Object type="App::Line" name="Z_Axis" id="89" />
        <Object type="App::Plane" name="XY_Plane" id="90" />
        <Object type="App::Plane" name="XZ_Plane" id="91" />
        <Object type="App::Plane" name="YZ_Plane" id="92" />
        <Object type="Sketcher::SketchObject" name="Sketch" id="93" />
        <Object type="PartDesign::Pad" name="Pad" id="94" />
        <Object type="Sketcher::SketchObject" name="Sketch001" id="95" />
        <Object type="Sketcher::SketchObject" name="Sketch002" id="96" />
        <Object type="PartDesign::Line" name="DatumLine" id="100" />
    </Objects>
    <ObjectData Count="13">
        <Object name="Body" Extensions="True">
            <Extensions Count="1">
                <Extension type="App::OriginGroupExtension" name="OriginGroupExtension">
                </Extension>
            </Extensions>
            <Properties Count="12" TransientCount="1">
                <_Property name="_GroupTouched" type="App::PropertyBool" status="100663424"/>
                <Property name="AllowCompound" type="App::PropertyBool">
                    <Bool value="false"/>
                </Property>
                <Property name="BaseFeature" type="App::PropertyLink">
                    <Link value=""/>
                </Property>
                <Property name="ExpressionEngine" type="App::PropertyExpressionEngine" status="67108864">
                    <ExpressionEngine count="0">
                    </ExpressionEngine>
                </Property>
                <Property name="Group" type="App::PropertyLinkList">
                    <LinkList count="5">
                        <Link value="Sketch"/>
                        <Link value="Pad"/>
                        <Link value="Sketch001"/>
                        <Link value="Sketch002"/>
                        <Link value="DatumLine"/>
                    </LinkList>
                </Property>
                <Property name="Label" type="App::PropertyString" status="134217728">
                    <String value="Body"/>
                </Property>
                <Property name="Label2" type="App::PropertyString" status="67108992">
                    <String value=""/>
                </Property>
                <Property name="Origin" type="App::PropertyLink" status="67108864">
                    <Link value="Origin"/>
                </Property>
                <Property name="Placement" type="App::PropertyPlacement" status="8388608">
                    <PropertyPlacement Px="0.0000000000000000" Py="0.0000000000000000" Pz="0.0000000000000000" Q0="0.0000000000000000" Q1="0.0000000000000000" Q2="0.0000000000000000" Q3="1.0000000000000000" A="0.0000000000000000" Ox="0.0000000000000000" Oy="0.0000000000000000" Oz="1.0000000000000000"/>
                </Property>
                <Property name="Shape" type="Part::PropertyPartShape">
                    <Part HasherIndex="0" ElementMap="1.4" file="Body.Shape.brp"/>
                    <ElementMap new="1" count="1"><Element key="Dummy" value="Dummy"/></ElementMap>
                    <ElementMap2 file="Body.Shape.Map.txt"/>
                </Property>
                <Property name="ShapeMaterial" type="Materials::PropertyMaterial">
                    <PropertyMaterial uuid="7f9fd73b-50c9-41d8-b7b2-575a030c1eeb"/>
                </Property>
                <Property name="Tip" type="App::PropertyLink">
                    <Link value="Pad"/>
                </Property>
                <Property name="Visibility" type="App::PropertyBool" status="648">
                    <Bool value="true"/>
                </Property>
            </Properties>
        </Object>
        <Object name="Origin" Extensions="True">
            <Extensions Count="1">
                <Extension type="App::GeoFeatureGroupExtension" name="GeoFeatureGroupExtension">
                </Extension>
            </Extensions>
            <Properties Count="5" TransientCount="2">
                <_Property name="Group" type="App::PropertyLinkList" status="16"/>
                <_Property name="_GroupTouched" type="App::PropertyBool" status="100663296"/>
                <Property name="ExpressionEngine" type="App::PropertyExpressionEngine" status="67108864">
                    <ExpressionEngine count="0">
                    </ExpressionEngine>
                </Property>
                <Property name="Label" type="App::PropertyString" status="134217728">
                    <String value="原点"/>
                </Property>
                <Property name="Label2" type="App::PropertyString" status="67108992">
                    <String value=""/>
                </Property>
                <Property name="OriginFeatures" type="App::PropertyLinkList" status="67108864">
                    <LinkList count="6">
                        <Link value="X_Axis"/>
                        <Link value="Y_Axis"/>
                        <Link value="Z_Axis"/>
                        <Link value="XY_Plane"/>
                        <Link value="XZ_Plane"/>
                        <Link value="YZ_Plane"/>
                    </LinkList>
                </Property>
                <Property name="Visibility" type="App::PropertyBool" status="649">
                    <Bool value="false"/>
                </Property>
            </Properties>
        </Object>
        <Object name="X_Axis">
            <Properties Count="6" TransientCount="0">
                <Property name="ExpressionEngine" type="App::PropertyExpressionEngine" status="67108864">
                    <ExpressionEngine count="0">
                    </ExpressionEngine>
                </Property>
                <Property name="Label" type="App::PropertyString" status="134217728">
                    <String value="X轴"/>
                </Property>
                <Property name="Label2" type="App::PropertyString" status="67108992">
                    <String value=""/>
                </Property>
                <Property name="Placement" type="App::PropertyPlacement" status="8388616">
                    <PropertyPlacement Px="0.0000000000000000" Py="0.0000000000000000" Pz="0.0000000000000000" Q0="0.0000000000000000" Q1="0.0000000000000000" Q2="0.0000000000000000" Q3="1.0000000000000000" A="0.0000000000000000" Ox="0.0000000000000000" Oy="0.0000000000000000" Oz="1.0000000000000000"/>
                </Property>
                <Property name="Role" type="App::PropertyString" status="16777216">
                    <String value="X_Axis"/>
                </Property>
                <Property name="Visibility" type="App::PropertyBool" status="649">
                    <Bool value="true"/>
                </Property>
            </Properties>
        </Object>
        <Object name="Y_Axis">
            <Properties Count="6" TransientCount="0">
                <Property name="ExpressionEngine" type="App::PropertyExpressionEngine" status="67108864">
                    <ExpressionEngine count="0">
                    </ExpressionEngine>
                </Property>
                <Property name="Label" type="App::PropertyString" status="134217728">
                    <String value="Y轴"/>
                </Property>
                <Property name="Label2" type="App::PropertyString" status="67108992">
                    <String value=""/>
                </Property>
                <Property name="Placement" type="App::PropertyPlacement" status="8388616">
                    <PropertyPlacement Px="0.0000000000000000" Py="0.0000000000000000" Pz="0.0000000000000000" Q0="0.5000000000000000" Q1="0.5000000000000000" Q2="0.5000000000000000" Q3="0.5000000000000001" A="2.0943951023931953" Ox="1.0000000000000000" Oy="1.0000000000000000" Oz="1.0000000000000000"/>
                </Property>
                <Property name="Role" type="App::PropertyString" status="16777216">
                    <String value="Y_Axis"/>
                </Property>
                <Property name="Visibility" type="App::PropertyBool" status="649">
                    <Bool value="true"/>
                </Property>
            </Properties>
        </Object>
        <Object name="Z_Axis">
            <Properties Count="6" TransientCount="0">
                <Property name="ExpressionEngine" type="App::PropertyExpressionEngine" status="67108864">
                    <ExpressionEngine count="0">
                    </ExpressionEngine>
                </Property>
                <Property name="Label" type="App::PropertyString" status="134217728">
                    <String value="Z轴"/>
                </Property>
                <Property name="Label2" type="App::PropertyString" status="67108992">
                    <String value=""/>
                </Property>
                <Property name="Placement" type="App::PropertyPlacement" status="8388616">
                    <PropertyPlacement Px="0.0000000000000000" Py="0.0000000000000000" Pz="0.0000000000000000" Q0="0.5000000000000000" Q1="-0.5000000000000000" Q2="0.5000000000000000" Q3="0.5000000000000001" A="2.0943951023931953" Ox="1.0000000000000000" Oy="-1.0000000000000000" Oz="1.0000000000000000"/>
                </Property>
                <Property name="Role" type="App::PropertyString" status="16777216">
                    <String value="Z_Axis"/>
                </Property>
                <Property name="Visibility" type="App::PropertyBool" status="649">
                    <Bool value="true"/>
                </Property>
            </Properties>
        </Object>
        <Object name="XY_Plane">
            <Properties Count="6" TransientCount="0">
                <Property name="ExpressionEngine" type="App::PropertyExpressionEngine" status="67108864">
                    <ExpressionEngine count="0">
                    </ExpressionEngine>
                </Property>
                <Property name="Label" type="App::PropertyString" status="134217728">
                    <String value="XY-平面"/>
                </Property>
                <Property name="Label2" type="App::PropertyString" status="67108992">
                    <String value=""/>
                </Property>
                <Property name="Placement" type="App::PropertyPlacement" status="8388616">
                    <PropertyPlacement Px="0.0000000000000000" Py="0.0000000000000000" Pz="0.0000000000000000" Q0="0.0000000000000000" Q1="0.0000000000000000" Q2="0.0000000000000000" Q3="1.0000000000000000" A="0.0000000000000000" Ox="0.0000000000000000" Oy="0.0000000000000000" Oz="1.0000000000000000"/>
                </Property>
                <Property name="Role" type="App::PropertyString" status="16777216">
                    <String value="XY_Plane"/>
                </Property>
                <Property name="Visibility" type="App::PropertyBool" status="648">
                    <Bool value="true"/>
                </Property>
            </Properties>
        </Object>
        <Object name="XZ_Plane">
            <Properties Count="6" TransientCount="0">
                <Property name="ExpressionEngine" type="App::PropertyExpressionEngine" status="67108864">
                    <ExpressionEngine count="0">
                    </ExpressionEngine>
                </Property>
                <Property name="Label" type="App::PropertyString" status="134217728">
                    <String value="XZ-平面"/>
                </Property>
                <Property name="Label2" type="App::PropertyString" status="67108992">
                    <String value=""/>
                </Property>
                <Property name="Placement" type="App::PropertyPlacement" status="8388616">
                    <PropertyPlacement Px="0.0000000000000000" Py="0.0000000000000000" Pz="0.0000000000000000" Q0="0.7071067811865475" Q1="0.0000000000000000" Q2="0.0000000000000000" Q3="0.7071067811865475" A="1.5707963267948968" Ox="0.9999999999999999" Oy="0.0000000000000000" Oz="0.0000000000000000"/>
                </Property>
                <Property name="Role" type="App::PropertyString" status="16777216">
                    <String value="XZ_Plane"/>
                </Property>
                <Property name="Visibility" type="App::PropertyBool" status="648">
                    <Bool value="true"/>
                </Property>
            </Properties>
        </Object>
        <Object name="YZ_Plane">
            <Properties Count="6" TransientCount="0">
                <Property name="ExpressionEngine" type="App::PropertyExpressionEngine" status="67108864">
                    <ExpressionEngine count="0">
                    </ExpressionEngine>
                </Property>
                <Property name="Label" type="App::PropertyString" status="134217728">
                    <String value="YZ-平面"/>
                </Property>
                <Property name="Label2" type="App::PropertyString" status="67108992">
                    <String value=""/>
                </Property>
                <Property name="Placement" type="App::PropertyPlacement" status="8388616">
                    <PropertyPlacement Px="0.0000000000000000" Py="0.0000000000000000" Pz="0.0000000000000000" Q0="0.5000000000000000" Q1="0.5000000000000000" Q2="0.5000000000000000" Q3="0.5000000000000001" A="2.0943951023931953" Ox="1.0000000000000000" Oy="1.0000000000000000" Oz="1.0000000000000000"/>
                </Property>
                <Property name="Role" type="App::PropertyString" status="16777216">
                    <String value="YZ_Plane"/>
                </Property>
                <Property name="Visibility" type="App::PropertyBool" status="648">
                    <Bool value="true"/>
                </Property>
            </Properties>
        </Object>
        <Object name="Sketch" Extensions="True">
            <Extensions Count="1">
                <Extension type="Part::AttachExtension" name="AttachExtension">
                </Extension>
            </Extensions>
            <Properties Count="23" TransientCount="0">
                <Property name="ArcFitTolerance" type="App::PropertyPrecision">
                    <Float value="0.0000010000000000"/>
                </Property>
                <Property name="AttacherEngine" type="App::PropertyEnumeration">
                    <Integer value="0" CustomEnum="true"/>
                    <CustomEnumList count="4">
                        <Enum value="Engine 3D"/>
                        <Enum value="Engine Plane"/>
                        <Enum value="Engine Line"/>
                        <Enum value="Engine Point"/>
                    </CustomEnumList>
                </Property>
                <Property name="AttacherType" type="App::PropertyString" status="83886080">
                    <String value="Attacher::AttachEnginePlane"/>
                </Property>
                <Property name="AttachmentOffset" type="App::PropertyPlacement">
                    <PropertyPlacement Px="0.0000000000000000" Py="0.0000000000000000" Pz="0.0000000000000000" Q0="0.0000000000000000" Q1="0.0000000000000000" Q2="0.0000000000000000" Q3="1.0000000000000000" A="0.0000000000000000" Ox="0.0000000000000000" Oy="0.0000000000000000" Oz="1.0000000000000000"/>
                </Property>
                <Property name="AttachmentSupport" type="App::PropertyLinkSubList">
                    <LinkSubList count="1">
                        <Link obj="XY_Plane" sub=""/>
                    </LinkSubList>
                </Property>
                <Property name="Constraints" type="Sketcher::PropertyConstraintList">
                    <ConstraintList count="11">
                        <Constrain Name="" Type="1" Value="0.0000000000000000" First="0" FirstPos="2" Second="1" SecondPos="1" Third="-2000" ThirdPos="0" LabelDistance="10.0000000000000000" LabelPosition="0.0000000000000000" IsDriving="1" IsInVirtualSpace="0" IsActive="1" />
                        <Constrain Name="" Type="1" Value="0.0000000000000000" First="1" FirstPos="2" Second="2" SecondPos="1" Third="-2000" ThirdPos="0" LabelDistance="10.0000000000000000" LabelPosition="0.0000000000000000" IsDriving="1" IsInVirtualSpace="0" IsActive="1" />
                        <Constrain Name="" Type="1" Value="0.0000000000000000" First="2" FirstPos="2" Second="3" SecondPos="1" Third="-2000" ThirdPos="0" LabelDistance="10.0000000000000000" LabelPosition="0.0000000000000000" IsDriving="1" IsInVirtualSpace="0" IsActive="1" />
                        <Constrain Name="" Type="1" Value="0.0000000000000000" First="3" FirstPos="2" Second="0" SecondPos="1" Third="-2000" ThirdPos="0" LabelDistance="10.0000000000000000" LabelPosition="0.0000000000000000" IsDriving="1" IsInVirtualSpace="0" IsActive="1" />
                        <Constrain Name="" Type="3" Value="0.0000000000000000" First="0" FirstPos="0" Second="-2000" SecondPos="0" Third="-2000" ThirdPos="0" LabelDistance="10.0000000000000000" LabelPosition="0.0000000000000000" IsDriving="1" IsInVirtualSpace="0" IsActive="1" />
                        <Constrain Name="" Type="3" Value="0.0000000000000000" First="2" FirstPos="0" Second="-2000" SecondPos="0" Third="-2000" ThirdPos="0" LabelDistance="10.0000000000000000" LabelPosition="0.0000000000000000" IsDriving="1" IsInVirtualSpace="0" IsActive="1" />
                        <Constrain Name="" Type="2" Value="0.0000000000000000" First="1" FirstPos="0" Second="-2000" SecondPos="0" Third="-2000" ThirdPos="0" LabelDistance="10.0000000000000000" LabelPosition="0.0000000000000000" IsDriving="1" IsInVirtualSpace="0" IsActive="1" />
                        <Constrain Name="" Type="2" Value="0.0000000000000000" First="3" FirstPos="0" Second="-2000" SecondPos="0" Third="-2000" ThirdPos="0" LabelDistance="10.0000000000000000" LabelPosition="0.0000000000000000" IsDriving="1" IsInVirtualSpace="0" IsActive="1" />
                        <Constrain Name="" Type="8" Value="50.0000000000000000" First="0" FirstPos="2" Second="0" SecondPos="1" Third="-2000" ThirdPos="0" LabelDistance="6.6666665077209473" LabelPosition="0.0000000000000000" IsDriving="1" IsInVirtualSpace="0" IsActive="1" />
                        <Constrain Name="" Type="7" Value="60.0000000000000000" First="1" FirstPos="1" Second="1" SecondPos="2" Third="-2000" ThirdPos="0" LabelDistance="6.6666665077209473" LabelPosition="0.0000000000000000" IsDriving="1" IsInVirtualSpace="0" IsActive="1" />
                        <Constrain Name="" Type="14" Value="0.0000000000000000" First="0" FirstPos="1" Second="1" SecondPos="2" Third="-1" ThirdPos="1" LabelDistance="10.0000000000000000" LabelPosition="0.0000000000000000" IsDriving="1" IsInVirtualSpace="0" IsActive="1" />
                    </ConstraintList>
                </Property>
                <Property name="Exports" type="App::PropertyLinkListHidden" status="67108864">
                    <LinkList count="0">
                    </LinkList>
                </Property>
                <Property name="ExpressionEngine" type="App::PropertyExpressionEngine" status="67108864">
                    <ExpressionEngine count="0">
                    </ExpressionEngine>
                </Property>
                <Property name="ExternalGeo" type="Part::PropertyGeometryList" status="67108864">
                    <GeometryList count="2">
                        <Geometry type="Part::GeomLineSegment" id="-1" migrated="1">
                            <GeoExtensions count="2">
                                <GeoExtension type="Sketcher::SketchGeometryExtension" id="-1" internalGeometryType="0" geometryModeFlags="00000000000000000000000000000010" geometryLayer="0"/>
                                <GeoExtension type="Sketcher::ExternalGeometryExtension" Ref="" Flags="0"/>
                            </GeoExtensions>
                            <LineSegment StartX="0.0000000000000000" StartY="0.0000000000000000" StartZ="0.0000000000000000" EndX="1.0000000000000000" EndY="0.0000000000000000" EndZ="0.0000000000000000"/>
                            <Construction value="1"/>
                        </Geometry>
                        <Geometry type="Part::GeomLineSegment" id="-2" migrated="1">
                            <GeoExtensions count="2">
                                <GeoExtension type="Sketcher::SketchGeometryExtension" id="-2" internalGeometryType="0" geometryModeFlags="00000000000000000000000000000010" geometryLayer="0"/>
                                <GeoExtension type="Sketcher::ExternalGeometryExtension" Ref="" Flags="0"/>
                            </GeoExtensions>
                            <LineSegment StartX="0.0000000000000000" StartY="0.0000000000000000" StartZ="0.0000000000000000" EndX="0.0000000000000000" EndY="1.0000000000000000" EndZ="0.0000000000000000"/>
                            <Construction value="1"/>
                        </Geometry>
                    </GeometryList>
                </Property>
                <Property name="ExternalGeometry" type="App::PropertyLinkSubList" status="16777216">
                    <LinkSubList count="0">
                    </LinkSubList>
                </Property>
                <Property name="FullyConstrained" type="App::PropertyBool" status="218103808">
                    <Bool value="true"/>
                </Property>
                <Property name="Geometry" type="Part::PropertyGeometryList" status="8192">
                    <GeometryList count="4">
                        <Geometry type="Part::GeomLineSegment" id="1" migrated="1">
                            <GeoExtensions count="1">
                                <GeoExtension type="Sketcher::SketchGeometryExtension" id="1" internalGeometryType="0" geometryModeFlags="00000000000000000000000000000000" geometryLayer="0"/>
                            </GeoExtensions>
                            <LineSegment StartX="-29.9999999999999964" StartY="25.0000000000000000" StartZ="0.0000000000000000" EndX="-29.9999999999999964" EndY="-25.0000000000000000" EndZ="0.0000000000000000"/>
                            <Construction value="0"/>
                        </Geometry>
                        <Geometry type="Part::GeomLineSegment" id="2" migrated="1">
                            <GeoExtensions count="1">
                                <GeoExtension type="Sketcher::SketchGeometryExtension" id="2" internalGeometryType="0" geometryModeFlags="00000000000000000000000000000000" geometryLayer="0"/>
                            </GeoExtensions>
                            <LineSegment StartX="-29.9999999999999964" StartY="-25.0000000000000036" StartZ="0.0000000000000000" EndX="30.0000000000000036" EndY="-25.0000000000000036" EndZ="0.0000000000000000"/>
                            <Construction value="0"/>
                        </Geometry>
                        <Geometry type="Part::GeomLineSegment" id="3" migrated="1">
                            <GeoExtensions count="1">
                                <GeoExtension type="Sketcher::SketchGeometryExtension" id="3" internalGeometryType="0" geometryModeFlags="00000000000000000000000000000000" geometryLayer="0"/>
                            </GeoExtensions>
                            <LineSegment StartX="30.0000000000000000" StartY="-25.0000000000000036" StartZ="0.0000000000000000" EndX="30.0000000000000000" EndY="24.9999999999999964" EndZ="0.0000000000000000"/>
                            <Construction value="0"/>
                        </Geometry>
                        <Geometry type="Part::GeomLineSegment" id="4" migrated="1">
                            <GeoExtensions count="1">
                                <GeoExtension type="Sketcher::SketchGeometryExtension" id="4" internalGeometryType="0" geometryModeFlags="00000000000000000000000000000000" geometryLayer="0"/>
                            </GeoExtensions>
                            <LineSegment StartX="30.0000000000000000" StartY="25.0000000000000000" StartZ="0.0000000000000000" EndX="-30.0000000000000000" EndY="25.0000000000000000" EndZ="0.0000000000000000"/>
                            <Construction value="0"/>
                        </Geometry>
                    </GeometryList>
                </Property>
                <Property name="InternalShape" type="Part::PropertyPartShape">
                    <Part ElementMap="0.4" file="Sketch.InternalShape.brp"/>
                    <ElementMap/>
                </Property>
                <Property name="Label" type="App::PropertyString" status="134217728">
                    <String value="Sketch"/>
                </Property>
                <Property name="Label2" type="App::PropertyString" status="67108992">
                    <String value=""/>
                </Property>
                <Property name="MakeInternals" type="App::PropertyBool">
                    <Bool value="false"/>
                </Property>
                <Property name="MapMode" type="App::PropertyEnumeration">
                    <Integer value="5"/>
                </Property>
                <Property name="MapPathParameter" type="App::PropertyFloat" status="8">
                    <Float value="0.0000000000000000"/>
                </Property>
                <Property name="MapReversed" type="App::PropertyBool">
                    <Bool value="false"/>
                </Property>
                <Property name="Placement" type="App::PropertyPlacement" status="8388612">
                    <PropertyPlacement Px="0.0000000000000000" Py="0.0000000000000000" Pz="0.0000000000000000" Q0="0.0000000000000000" Q1="0.0000000000000000" Q2="0.0000000000000000" Q3="1.0000000000000000" A="0.0000000000000000" Ox="0.0000000000000000" Oy="0.0000000000000000" Oz="1.0000000000000000"/>
                </Property>
                <Property name="Shape" type="Part::PropertyPartShape">
                    <Part ElementMap="0.4" file="Sketch.Shape.brp"/>
                    <ElementMap new="1" count="1"><Element key="Dummy" value="Dummy"/></ElementMap>
                    <ElementMap2 file="Sketch.Shape.Map.txt"/>
                </Property>
                <Property name="ShapeMaterial" type="Materials::PropertyMaterial">
                    <PropertyMaterial uuid="7f9fd73b-50c9-41d8-b7b2-575a030c1eeb"/>
                </Property>
                <Property name="Visibility" type="App::PropertyBool" status="649">
                    <Bool value="false"/>
                </Property>
            </Properties>
        </Object>
        <Object name="Pad" Extensions="True">
            <Extensions Count="1">
                <Extension type="App::SuppressibleExtension" name="SuppressibleExtension">
                </Extension>
            </Extensions>
            <Properties Count="28" TransientCount="1">
                <_Property name="_Body" type="App::PropertyLinkHidden" status="251658240"/>
                <Property name="AddSubShape" type="Part::PropertyPartShape">
                    <Part HasherIndex="0" ElementMap="1.4" file="Pad.AddSubShape.brp"/>
                    <ElementMap new="1" count="1"><Element key="Dummy" value="Dummy"/></ElementMap>
                    <ElementMap2 file="Pad.AddSubShape.Map.txt"/>
                </Property>
                <Property name="AllowMultiFace" type="App::PropertyBool">
                    <Bool value="true"/>
                </Property>
                <Property name="AlongSketchNormal" type="App::PropertyBool">
                    <Bool value="true"/>
                </Property>
                <Property name="BaseFeature" type="App::PropertyLink" status="8">
                    <Link value=""/>
                </Property>
                <Property name="Direction" type="App::PropertyVector" status="4">
                    <PropertyVector valueX="0.0000000000000000" valueY="0.0000000000000000" valueZ="1.0000000000000000"/>
                </Property>
                <Property name="ExpressionEngine" type="App::PropertyExpressionEngine" status="67108864">
                    <ExpressionEngine count="0">
                    </ExpressionEngine>
                </Property>
                <Property name="Label" type="App::PropertyString" status="134217728">
                    <String value="Pad"/>
                </Property>
                <Property name="Label2" type="App::PropertyString" status="67108992">
                    <String value=""/>
                </Property>
                <Property name="Length" type="App::PropertyLength">
                    <Float value="60.0000000000000000"/>
                </Property>
                <Property name="Length2" type="App::PropertyLength" status="4">
                    <Float value="10.0000000000000000"/>
                </Property>
                <Property name="Midplane" type="App::PropertyBool">
                    <Bool value="false"/>
                </Property>
                <Property name="Offset" type="App::PropertyLength" status="4">
                    <Float value="0.0000000000000000"/>
                </Property>
                <Property name="Placement" type="App::PropertyPlacement" status="8388620">
                    <PropertyPlacement Px="0.0000000000000000" Py="0.0000000000000000" Pz="0.0000000000000000" Q0="0.0000000000000000" Q1="0.0000000000000000" Q2="0.0000000000000000" Q3="1.0000000000000000" A="0.0000000000000000" Ox="0.0000000000000000" Oy="0.0000000000000000" Oz="1.0000000000000000"/>
                </Property>
                <Property name="Profile" type="App::PropertyLinkSub">
                    <LinkSub value="Sketch" count="1">
                        <Sub value=""/>
                    </LinkSub>
                </Property>
                <Property name="ReferenceAxis" type="App::PropertyLinkSub">
                    <LinkSub value="Sketch" count="1">
                        <Sub value="N_Axis"/>
                    </LinkSub>
                </Property>
                <Property name="Refine" type="App::PropertyBool">
                    <Bool value="true"/>
                </Property>
                <Property name="Reversed" type="App::PropertyBool">
                    <Bool value="false"/>
                </Property>
                <Property name="Shape" type="Part::PropertyPartShape">
                    <Part HasherIndex="0" ElementMap="1.4" file="Pad.Shape.brp"/>
                    <ElementMap new="1" count="1"><Element key="Dummy" value="Dummy"/></ElementMap>
                    <ElementMap2 file="Pad.Shape.Map.txt"/>
                </Property>
                <Property name="ShapeMaterial" type="Materials::PropertyMaterial">
                    <PropertyMaterial uuid="7f9fd73b-50c9-41d8-b7b2-575a030c1eeb"/>
                </Property>
                <Property name="Suppressed" type="App::PropertyBool">
                    <Bool value="false"/>
                </Property>
                <Property name="SuppressedShape" type="Part::PropertyPartShape">
                    <Part ElementMap="0.4" file="Pad.SuppressedShape.brp"/>
                    <ElementMap/>
                </Property>
                <Property name="TaperAngle" type="App::PropertyAngle">
                    <Float value="0.0000000000000000"/>
                </Property>
                <Property name="TaperAngle2" type="App::PropertyAngle" status="4">
                    <Float value="0.0000000000000000"/>
                </Property>
                <Property name="Type" type="App::PropertyEnumeration">
                    <Integer value="0"/>
                </Property>
                <Property name="UpToFace" type="App::PropertyLinkSub" status="4">
                    <LinkSub value="" count="0">
                    </LinkSub>
                </Property>
                <Property name="UpToShape" type="App::PropertyLinkSubList" status="4">
                    <LinkSubList count="0">
                    </LinkSubList>
                </Property>
                <Property name="UseCustomVector" type="App::PropertyBool">
                    <Bool value="false"/>
                </Property>
                <Property name="Visibility" type="App::PropertyBool" status="649">
                    <Bool value="true"/>
                </Property>
            </Properties>
        </Object>
        <Object name="Sketch001" Extensions="True">
            <Extensions Count="1">
                <Extension type="Part::AttachExtension" name="AttachExtension">
                </Extension>
            </Extensions>
            <Properties Count="23" TransientCount="0">
                <Property name="ArcFitTolerance" type="App::PropertyPrecision">
                    <Float value="0.0000010000000000"/>
                </Property>
                <Property name="AttacherEngine" type="App::PropertyEnumeration">
                    <Integer value="0" CustomEnum="true"/>
                    <CustomEnumList count="4">
                        <Enum value="Engine 3D"/>
                        <Enum value="Engine Plane"/>
                        <Enum value="Engine Line"/>
                        <Enum value="Engine Point"/>
                    </CustomEnumList>
                </Property>
                <Property name="AttacherType" type="App::PropertyString" status="83886080">
                    <String value="Attacher::AttachEnginePlane"/>
                </Property>
                <Property name="AttachmentOffset" type="App::PropertyPlacement">
                    <PropertyPlacement Px="0.0000000000000000" Py="0.0000000000000000" Pz="0.0000000000000000" Q0="0.0000000000000000" Q1="0.0000000000000000" Q2="0.0000000000000000" Q3="1.0000000000000000" A="0.0000000000000000" Ox="0.0000000000000000" Oy="0.0000000000000000" Oz="1.0000000000000000"/>
                </Property>
                <Property name="AttachmentSupport" type="App::PropertyLinkSubList">
                    <LinkSubList count="1">
                        <Link obj="Pad" sub="Face1" shadow=";#3:1;:G;XTR;:H5d:7,F.Face1"/>
                    </LinkSubList>
                </Property>
                <Property name="Constraints" type="Sketcher::PropertyConstraintList">
                    <ConstraintList count="11">
                        <Constrain Name="" Type="1" Value="0.0000000000000000" First="0" FirstPos="2" Second="1" SecondPos="1" Third="-2000" ThirdPos="0" LabelDistance="10.0000000000000000" LabelPosition="0.0000000000000000" IsDriving="1" IsInVirtualSpace="0" IsActive="1" />
                        <Constrain Name="" Type="1" Value="0.0000000000000000" First="1" FirstPos="2" Second="2" SecondPos="1" Third="-2000" ThirdPos="0" LabelDistance="10.0000000000000000" LabelPosition="0.0000000000000000" IsDriving="1" IsInVirtualSpace="0" IsActive="1" />
                        <Constrain Name="" Type="1" Value="0.0000000000000000" First="2" FirstPos="2" Second="3" SecondPos="1" Third="-2000" ThirdPos="0" LabelDistance="10.0000000000000000" LabelPosition="0.0000000000000000" IsDriving="1" IsInVirtualSpace="0" IsActive="1" />
                        <Constrain Name="" Type="1" Value="0.0000000000000000" First="3" FirstPos="2" Second="0" SecondPos="1" Third="-2000" ThirdPos="0" LabelDistance="10.0000000000000000" LabelPosition="0.0000000000000000" IsDriving="1" IsInVirtualSpace="0" IsActive="1" />
                        <Constrain Name="" Type="2" Value="0.0000000000000000" First="0" FirstPos="0" Second="-2000" SecondPos="0" Third="-2000" ThirdPos="0" LabelDistance="10.0000000000000000" LabelPosition="0.0000000000000000" IsDriving="1" IsInVirtualSpace="0" IsActive="1" />
                        <Constrain Name="" Type="2" Value="0.0000000000000000" First="2" FirstPos="0" Second="-2000" SecondPos="0" Third="-2000" ThirdPos="0" LabelDistance="10.0000000000000000" LabelPosition="0.0000000000000000" IsDriving="1" IsInVirtualSpace="0" IsActive="1" />
                        <Constrain Name="" Type="3" Value="0.0000000000000000" First="1" FirstPos="0" Second="-2000" SecondPos="0" Third="-2000" ThirdPos="0" LabelDistance="10.0000000000000000" LabelPosition="0.0000000000000000" IsDriving="1" IsInVirtualSpace="0" IsActive="1" />
                        <Constrain Name="" Type="3" Value="0.0000000000000000" First="3" FirstPos="0" Second="-2000" SecondPos="0" Third="-2000" ThirdPos="0" LabelDistance="10.0000000000000000" LabelPosition="0.0000000000000000" IsDriving="1" IsInVirtualSpace="0" IsActive="1" />
                        <Constrain Name="" Type="1" Value="0.0000000000000000" First="0" FirstPos="1" Second="-3" SecondPos="1" Third="-2000" ThirdPos="0" LabelDistance="10.0000000000000000" LabelPosition="0.0000000000000000" IsDriving="1" IsInVirtualSpace="0" IsActive="1" />
                        <Constrain Name="" Type="8" Value="40.0000000000000000" First="1" FirstPos="2" Second="1" SecondPos="1" Third="-2000" ThirdPos="0" LabelDistance="5.3757090568542480" LabelPosition="0.0000000000000000" IsDriving="1" IsInVirtualSpace="0" IsActive="1" />
                        <Constrain Name="" Type="7" Value="40.0000000000000000" First="2" FirstPos="1" Second="2" SecondPos="2" Third="-2000" ThirdPos="0" LabelDistance="5.3757090568542480" LabelPosition="0.0000000000000000" IsDriving="1" IsInVirtualSpace="0" IsActive="1" />
                    </ConstraintList>
                </Property>
                <Property name="Exports" type="App::PropertyLinkListHidden" status="67108864">
                    <LinkList count="0">
                    </LinkList>
                </Property>
                <Property name="ExpressionEngine" type="App::PropertyExpressionEngine" status="67108864">
                    <ExpressionEngine count="0">
                    </ExpressionEngine>
                </Property>
                <Property name="ExternalGeo" type="Part::PropertyGeometryList" status="67108864">
                    <GeometryList count="3">
                        <Geometry type="Part::GeomLineSegment" id="-1" migrated="1">
                            <GeoExtensions count="2">
                                <GeoExtension type="Sketcher::SketchGeometryExtension" id="-1" internalGeometryType="0" geometryModeFlags="00000000000000000000000000000010" geometryLayer="0"/>
                                <GeoExtension type="Sketcher::ExternalGeometryExtension" Ref="" Flags="0"/>
                            </GeoExtensions>
                            <LineSegment StartX="0.0000000000000000" StartY="0.0000000000000000" StartZ="0.0000000000000000" EndX="1.0000000000000000" EndY="0.0000000000000000" EndZ="0.0000000000000000"/>
                            <Construction value="1"/>
                        </Geometry>
                        <Geometry type="Part::GeomLineSegment" id="-2" migrated="1">
                            <GeoExtensions count="2">
                                <GeoExtension type="Sketcher::SketchGeometryExtension" id="-2" internalGeometryType="0" geometryModeFlags="00000000000000000000000000000010" geometryLayer="0"/>
                                <GeoExtension type="Sketcher::ExternalGeometryExtension" Ref="" Flags="0"/>
                            </GeoExtensions>
                            <LineSegment StartX="0.0000000000000000" StartY="0.0000000000000000" StartZ="0.0000000000000000" EndX="0.0000000000000000" EndY="1.0000000000000000" EndZ="0.0000000000000000"/>
                            <Construction value="1"/>
                        </Geometry>
                        <Geometry type="Part::GeomPoint" id="1" ref="Pad.;#13;:U;XTR;:H5d:7,V" migrated="1">
                            <GeoExtensions count="2">
                                <GeoExtension type="Sketcher::SketchGeometryExtension" id="1" internalGeometryType="0" geometryModeFlags="00000000000000000000000000000010" geometryLayer="0"/>
                                <GeoExtension type="Sketcher::ExternalGeometryExtension" Ref="Pad.;#13;:U;XTR;:H5d:7,V" Flags="0"/>
                            </GeoExtensions>
                            <GeomPoint X="25.0000000000000036" Y="60.0000000000000000" Z="0.0000000000000000"/>
                            <Construction value="1"/>
                        </Geometry>
                    </GeometryList>
                </Property>
                <Property name="ExternalGeometry" type="App::PropertyLinkSubList" status="16777216">
                    <LinkSubList count="1">
                        <Link obj="Pad" sub="Vertex4" shadow=";#13;:U;XTR;:H5d:7,V.Vertex4"/>
                    </LinkSubList>
                </Property>
                <Property name="FullyConstrained" type="App::PropertyBool" status="218103808">
                    <Bool value="true"/>
                </Property>
                <Property name="Geometry" type="Part::PropertyGeometryList" status="8192">
                    <GeometryList count="4">
                        <Geometry type="Part::GeomLineSegment" id="2" migrated="1">
                            <GeoExtensions count="1">
                                <GeoExtension type="Sketcher::SketchGeometryExtension" id="2" internalGeometryType="0" geometryModeFlags="00000000000000000000000000000000" geometryLayer="0"/>
                            </GeoExtensions>
                            <LineSegment StartX="25.0000000000000036" StartY="60.0000000000000000" StartZ="0.0000000000000000" EndX="-14.9999999999999964" EndY="60.0000000000000000" EndZ="0.0000000000000000"/>
                            <Construction value="0"/>
                        </Geometry>
                        <Geometry type="Part::GeomLineSegment" id="3" migrated="1">
                            <GeoExtensions count="1">
                                <GeoExtension type="Sketcher::SketchGeometryExtension" id="3" internalGeometryType="0" geometryModeFlags="00000000000000000000000000000000" geometryLayer="0"/>
                            </GeoExtensions>
                            <LineSegment StartX="-15.0000000000000000" StartY="60.0000000000000000" StartZ="0.0000000000000000" EndX="-15.0000000000000000" EndY="20.0000000000000000" EndZ="0.0000000000000000"/>
                            <Construction value="0"/>
                        </Geometry>
                        <Geometry type="Part::GeomLineSegment" id="4" migrated="1">
                            <GeoExtensions count="1">
                                <GeoExtension type="Sketcher::SketchGeometryExtension" id="4" internalGeometryType="0" geometryModeFlags="00000000000000000000000000000000" geometryLayer="0"/>
                            </GeoExtensions>
                            <LineSegment StartX="-15.0000000000000000" StartY="20.0000000000000000" StartZ="0.0000000000000000" EndX="25.0000000000000000" EndY="20.0000000000000000" EndZ="0.0000000000000000"/>
                            <Construction value="0"/>
                        </Geometry>
                        <Geometry type="Part::GeomLineSegment" id="5" migrated="1">
                            <GeoExtensions count="1">
                                <GeoExtension type="Sketcher::SketchGeometryExtension" id="5" internalGeometryType="0" geometryModeFlags="00000000000000000000000000000000" geometryLayer="0"/>
                            </GeoExtensions>
                            <LineSegment StartX="25.0000000000000036" StartY="20.0000000000000000" StartZ="0.0000000000000000" EndX="25.0000000000000036" EndY="60.0000000000000000" EndZ="0.0000000000000000"/>
                            <Construction value="0"/>
                        </Geometry>
                    </GeometryList>
                </Property>
                <Property name="InternalShape" type="Part::PropertyPartShape">
                    <Part ElementMap="0.4" file="Sketch001.InternalShape.brp"/>
                    <ElementMap/>
                </Property>
                <Property name="Label" type="App::PropertyString" status="134217728">
                    <String value="Sketch001"/>
                </Property>
                <Property name="Label2" type="App::PropertyString" status="67108992">
                    <String value=""/>
                </Property>
                <Property name="MakeInternals" type="App::PropertyBool">
                    <Bool value="false"/>
                </Property>
                <Property name="MapMode" type="App::PropertyEnumeration">
                    <Integer value="5"/>
                </Property>
                <Property name="MapPathParameter" type="App::PropertyFloat" status="8">
                    <Float value="0.0000000000000000"/>
                </Property>
                <Property name="MapReversed" type="App::PropertyBool">
                    <Bool value="false"/>
                </Property>
                <Property name="Placement" type="App::PropertyPlacement" status="8388612">
                    <PropertyPlacement Px="-29.9999999999999964" Py="0.0000000000000000" Pz="0.0000000000000000" Q0="0.5000000000000000" Q1="-0.5000000000000000" Q2="-0.5000000000000000" Q3="0.5000000000000000" A="2.0943951023931957" Ox="0.5773502691896257" Oy="-0.5773502691896257" Oz="-0.5773502691896257"/>
                </Property>
                <Property name="Shape" type="Part::PropertyPartShape">
                    <Part ElementMap="0.4" file="Sketch001.Shape.brp"/>
                    <ElementMap new="1" count="1"><Element key="Dummy" value="Dummy"/></ElementMap>
                    <ElementMap2 file="Sketch001.Shape.Map.txt"/>
                </Property>
                <Property name="ShapeMaterial" type="Materials::PropertyMaterial">
                    <PropertyMaterial uuid="7f9fd73b-50c9-41d8-b7b2-575a030c1eeb"/>
                </Property>
                <Property name="Visibility" type="App::PropertyBool" status="649">
                    <Bool value="true"/>
                </Property>
            </Properties>
        </Object>
        <Object name="Sketch002" Extensions="True">
            <Extensions Count="1">
                <Extension type="Part::AttachExtension" name="AttachExtension">
                </Extension>
            </Extensions>
            <Properties Count="23" TransientCount="0">
                <Property name="ArcFitTolerance" type="App::PropertyPrecision">
                    <Float value="0.0000010000000000"/>
                </Property>
                <Property name="AttacherEngine" type="App::PropertyEnumeration">
                    <Integer value="0" CustomEnum="true"/>
                    <CustomEnumList count="4">
                        <Enum value="Engine 3D"/>
                        <Enum value="Engine Plane"/>
                        <Enum value="Engine Line"/>
                        <Enum value="Engine Point"/>
                    </CustomEnumList>
                </Property>
                <Property name="AttacherType" type="App::PropertyString" status="83886080">
                    <String value="Attacher::AttachEnginePlane"/>
                </Property>
                <Property name="AttachmentOffset" type="App::PropertyPlacement">
                    <PropertyPlacement Px="0.0000000000000000" Py="0.0000000000000000" Pz="0.0000000000000000" Q0="0.0000000000000000" Q1="0.0000000000000000" Q2="0.0000000000000000" Q3="1.0000000000000000" A="0.0000000000000000" Ox="0.0000000000000000" Oy="0.0000000000000000" Oz="1.0000000000000000"/>
                </Property>
                <Property name="AttachmentSupport" type="App::PropertyLinkSubList">
                    <LinkSubList count="1">
                        <Link obj="Pad" sub="Face6" shadow=";#a:1;:G0;XTR;:H5d:8,F.Face6"/>
                    </LinkSubList>
                </Property>
                <Property name="Constraints" type="Sketcher::PropertyConstraintList">
                    <ConstraintList count="4">
                        <Constrain Name="" Type="13" Value="0.0000000000000000" First="0" FirstPos="1" Second="-4" SecondPos="0" Third="-2000" ThirdPos="0" LabelDistance="10.0000000000000000" LabelPosition="0.0000000000000000" IsDriving="1" IsInVirtualSpace="0" IsActive="1" />
                        <Constrain Name="" Type="8" Value="10.0000000000000000" First="-4" FirstPos="1" Second="0" SecondPos="1" Third="-2000" ThirdPos="0" LabelDistance="11.9638595581054688" LabelPosition="0.0000000000000000" IsDriving="1" IsInVirtualSpace="0" IsActive="1" />
                        <Constrain Name="" Type="1" Value="0.0000000000000000" First="1" FirstPos="1" Second="-1" SecondPos="1" Third="-2000" ThirdPos="0" LabelDistance="10.0000000000000000" LabelPosition="0.0000000000000000" IsDriving="1" IsInVirtualSpace="0" IsActive="1" />
                        <Constrain Name="" Type="1" Value="0.0000000000000000" First="1" FirstPos="2" Second="0" SecondPos="1" Third="-2000" ThirdPos="0" LabelDistance="10.0000000000000000" LabelPosition="0.0000000000000000" IsDriving="1" IsInVirtualSpace="0" IsActive="1" />
                    </ConstraintList>
                </Property>
                <Property name="Exports" type="App::PropertyLinkListHidden" status="67108864">
                    <LinkList count="0">
                    </LinkList>
                </Property>
                <Property name="ExpressionEngine" type="App::PropertyExpressionEngine" status="67108864">
                    <ExpressionEngine count="0">
                    </ExpressionEngine>
                </Property>
                <Property name="ExternalGeo" type="Part::PropertyGeometryList" status="67108864">
                    <GeometryList count="5">
                        <Geometry type="Part::GeomLineSegment" id="-1" migrated="1">
                            <GeoExtensions count="2">
                                <GeoExtension type="Sketcher::SketchGeometryExtension" id="-1" internalGeometryType="0" geometryModeFlags="00000000000000000000000000000010" geometryLayer="0"/>
                                <GeoExtension type="Sketcher::ExternalGeometryExtension" Ref="" Flags="0"/>
                            </GeoExtensions>
                            <LineSegment StartX="0.0000000000000000" StartY="0.0000000000000000" StartZ="0.0000000000000000" EndX="1.0000000000000000" EndY="0.0000000000000000" EndZ="0.0000000000000000"/>
                            <Construction value="1"/>
                        </Geometry>
                        <Geometry type="Part::GeomLineSegment" id="-2" migrated="1">
                            <GeoExtensions count="2">
                                <GeoExtension type="Sketcher::SketchGeometryExtension" id="-2" internalGeometryType="0" geometryModeFlags="00000000000000000000000000000010" geometryLayer="0"/>
                                <GeoExtension type="Sketcher::ExternalGeometryExtension" Ref="" Flags="0"/>
                            </GeoExtensions>
                            <LineSegment StartX="0.0000000000000000" StartY="0.0000000000000000" StartZ="0.0000000000000000" EndX="0.0000000000000000" EndY="1.0000000000000000" EndZ="0.0000000000000000"/>
                            <Construction value="1"/>
                        </Geometry>
                        <Geometry type="Part::GeomPoint" id="1" ref="Pad.;#14;:U;XTR;:H5d:7,V" migrated="1">
                            <GeoExtensions count="2">
                                <GeoExtension type="Sketcher::SketchGeometryExtension" id="1" internalGeometryType="0" geometryModeFlags="00000000000000000000000000000010" geometryLayer="0"/>
                                <GeoExtension type="Sketcher::ExternalGeometryExtension" Ref="Pad.;#14;:U;XTR;:H5d:7,V" Flags="0"/>
                            </GeoExtensions>
                            <GeomPoint X="30.0000000000000036" Y="-25.0000000000000036" Z="0.0000000000000000"/>
                            <Construction value="1"/>
                        </Geometry>
                        <Geometry type="Part::GeomLineSegment" id="2" ref="Pad.;#c:3;:U;XTR;:H5d:7,E" migrated="1">
                            <GeoExtensions count="2">
                                <GeoExtension type="Sketcher::SketchGeometryExtension" id="2" internalGeometryType="0" geometryModeFlags="00000000000000000000000000000010" geometryLayer="0"/>
                                <GeoExtension type="Sketcher::ExternalGeometryExtension" Ref="Pad.;#c:3;:U;XTR;:H5d:7,E" Flags="0"/>
                            </GeoExtensions>
                            <LineSegment StartX="30.0000000000000036" StartY="-25.0000000000000036" StartZ="0.0000000000000000" EndX="30.0000000000000036" EndY="24.9999999999999964" EndZ="0.0000000000000000"/>
                            <Construction value="1"/>
                        </Geometry>
                        <Geometry type="Part::GeomPoint" id="4" ref="Sketch001.;g2v2;SKT" migrated="1">
                            <GeoExtensions count="2">
                                <GeoExtension type="Sketcher::SketchGeometryExtension" id="4" internalGeometryType="0" geometryModeFlags="00000000000000000000000000000010" geometryLayer="0"/>
                                <GeoExtension type="Sketcher::ExternalGeometryExtension" Ref="Sketch001.;g2v2;SKT" Flags="0"/>
                            </GeoExtensions>
                            <GeomPoint X="-29.9999999999999964" Y="15.0000000000000000" Z="0.0000000000000000"/>
                            <Construction value="1"/>
                        </Geometry>
                    </GeometryList>
                </Property>
                <Property name="ExternalGeometry" type="App::PropertyLinkSubList" status="16777216">
                    <LinkSubList count="3">
                        <Link obj="Pad" sub="Vertex6" shadow=";#14;:U;XTR;:H5d:7,V.Vertex6"/>
                        <Link obj="Pad" sub="Edge10" shadow=";#c:3;:U;XTR;:H5d:7,E.Edge10"/>
                        <Link obj="Sketch001" sub="Vertex2" shadow=";g2v2;SKT.Vertex2"/>
                    </LinkSubList>
                </Property>
                <Property name="FullyConstrained" type="App::PropertyBool" status="218103808">
                    <Bool value="true"/>
                </Property>
                <Property name="Geometry" type="Part::PropertyGeometryList" status="8192">
                    <GeometryList count="2">
                        <Geometry type="Part::GeomPoint" id="3" migrated="1">
                            <GeoExtensions count="1">
                                <GeoExtension type="Sketcher::SketchGeometryExtension" id="3" internalGeometryType="0" geometryModeFlags="00000000000000000000000000000000" geometryLayer="0"/>
                            </GeoExtensions>
                            <GeomPoint X="30.0000000000000000" Y="-15.0000000000000000" Z="0.0000000000000000"/>
                            <Construction value="0"/>
                        </Geometry>
                        <Geometry type="Part::GeomLineSegment" id="6" migrated="1">
                            <GeoExtensions count="1">
                                <GeoExtension type="Sketcher::SketchGeometryExtension" id="6" internalGeometryType="0" geometryModeFlags="00000000000000000000000000000000" geometryLayer="0"/>
                            </GeoExtensions>
                            <LineSegment StartX="0.0000000000000000" StartY="0.0000000000000000" StartZ="0.0000000000000000" EndX="30.0000000000000000" EndY="-15.0000000000000000" EndZ="0.0000000000000000"/>
                            <Construction value="0"/>
                        </Geometry>
                    </GeometryList>
                </Property>
                <Property name="InternalShape" type="Part::PropertyPartShape">
                    <Part ElementMap="0.4" file="Sketch002.InternalShape.brp"/>
                    <ElementMap/>
                </Property>
                <Property name="Label" type="App::PropertyString" status="134217728">
                    <String value="Sketch002"/>
                </Property>
                <Property name="Label2" type="App::PropertyString" status="67108992">
                    <String value=""/>
                </Property>
                <Property name="MakeInternals" type="App::PropertyBool">
                    <Bool value="false"/>
                </Property>
                <Property name="MapMode" type="App::PropertyEnumeration">
                    <Integer value="5"/>
                </Property>
                <Property name="MapPathParameter" type="App::PropertyFloat" status="8">
                    <Float value="0.0000000000000000"/>
                </Property>
                <Property name="MapReversed" type="App::PropertyBool">
                    <Bool value="false"/>
                </Property>
                <Property name="Placement" type="App::PropertyPlacement" status="8388612">
                    <PropertyPlacement Px="0.0000000000000000" Py="0.0000000000000000" Pz="60.0000000000000000" Q0="0.0000000000000000" Q1="0.0000000000000000" Q2="0.0000000000000000" Q3="1.0000000000000000" A="0.0000000000000000" Ox="0.0000000000000000" Oy="0.0000000000000000" Oz="1.0000000000000000"/>
                </Property>
                <Property name="Shape" type="Part::PropertyPartShape">
                    <Part HasherIndex="0" ElementMap="1.4" file="Sketch002.Shape.brp"/>
                    <ElementMap new="1" count="1"><Element key="Dummy" value="Dummy"/></ElementMap>
                    <ElementMap2 file="Sketch002.Shape.Map.txt"/>
                </Property>
                <Property name="ShapeMaterial" type="Materials::PropertyMaterial">
                    <PropertyMaterial uuid="7f9fd73b-50c9-41d8-b7b2-575a030c1eeb"/>
                </Property>
                <Property name="Visibility" type="App::PropertyBool" status="649">
                    <Bool value="true"/>
                </Property>
            </Properties>
        </Object>
        <Object name="DatumLine" Extensions="True">
            <Extensions Count="1">
                <Extension type="Part::AttachExtension" name="AttachExtension">
                </Extension>
            </Extensions>
            <Properties Count="16" TransientCount="0">
                <Property name="AttacherEngine" type="App::PropertyEnumeration">
                    <Integer value="0" CustomEnum="true"/>
                    <CustomEnumList count="4">
                        <Enum value="Engine 3D"/>
                        <Enum value="Engine Plane"/>
                        <Enum value="Engine Line"/>
                        <Enum value="Engine Point"/>
                    </CustomEnumList>
                </Property>
                <Property name="AttacherType" type="App::PropertyString" status="83886080">
                    <String value="Attacher::AttachEngineLine"/>
                </Property>
                <Property name="AttachmentOffset" type="App::PropertyPlacement">
                    <PropertyPlacement Px="0.0000000000000000" Py="0.0000000000000000" Pz="0.0000000000000000" Q0="0.0000000000000000" Q1="0.0000000000000000" Q2="0.0000000000000000" Q3="1.0000000000000000" A="0.0000000000000000" Ox="0.0000000000000000" Oy="0.0000000000000000" Oz="1.0000000000000000"/>
                </Property>
                <Property name="AttachmentSupport" type="App::PropertyLinkSubList">
                    <LinkSubList count="1">
                        <Link obj="Sketch001" sub=""/>
                    </LinkSubList>
                </Property>
                <Property name="ExpressionEngine" type="App::PropertyExpressionEngine" status="67108864">
                    <ExpressionEngine count="0">
                    </ExpressionEngine>
                </Property>
                <Property name="Label" type="App::PropertyString" status="134217728">
                    <String value="DatumLine"/>
                </Property>
                <Property name="Label2" type="App::PropertyString" status="67108992">
                    <String value=""/>
                </Property>
                <Property name="Length" type="App::PropertyLength" status="134217732">
                    <Float value="20.0000000000000000"/>
                </Property>
                <Property name="MapMode" type="App::PropertyEnumeration">
                    <Integer value="16"/>
                </Property>
                <Property name="MapPathParameter" type="App::PropertyFloat" status="8">
                    <Float value="0.0000000000000000"/>
                </Property>
                <Property name="MapReversed" type="App::PropertyBool">
                    <Bool value="false"/>
                </Property>
                <Property name="Placement" type="App::PropertyPlacement" status="8388612">
                    <PropertyPlacement Px="-29.9999999999999964" Py="0.0000000000000000" Pz="0.0000000000000000" Q0="0.5000000000000000" Q1="-0.5000000000000000" Q2="0.5000000000000000" Q3="0.5000000000000000" A="2.0943951023931957" Ox="0.5773502691896257" Oy="-0.5773502691896257" Oz="0.5773502691896257"/>
                </Property>
                <Property name="ResizeMode" type="App::PropertyEnumeration" status="134217728">
                    <Integer value="0"/>
                </Property>
                <Property name="Shape" type="Part::PropertyPartShape">
                    <Part ElementMap="0.4" file="DatumLine.Shape.brp"/>
                    <ElementMap/>
                </Property>
                <Property name="ShapeMaterial" type="Materials::PropertyMaterial">
                    <PropertyMaterial uuid="7f9fd73b-50c9-41d8-b7b2-575a030c1eeb"/>
                </Property>
                <Property name="Visibility" type="App::PropertyBool" status="648">
                    <Bool value="true"/>
                </Property>
            </Properties>
        </Object>
    </ObjectData>
</Document>
